{
    "ver-1e": {
        "festim": 2.388161308599956,
        "tmap": 5.600404841999989
    },
    "val-2b": {
        "festim": 7.975932527800614,
        "tmap": 57.89449790619983
    },
    "ver-1d-diffusion": {
        "festim": 7.387167833800049,
        "tmap": 7.120919328599848
    }
}