{
    "ver-1e": {
        "festim": 2.940270680002868,
        "tmap": 5.768544140002632
    },
    "val-2b": {
        "festim": 9.956583079998381,
        "tmap": 6.798275025998009
    },
    "ver-1d-diffusion": {
        "festim": 2.6743802650016733,
        "tmap": 10.499997240003722
    }
}