{
    "val-2b": {
        "festim": 12.361898828799895,
        "tmap": 12.29204009239911
    },
    "ver-1d-diffusion": {
        "festim": 3.5449012263998156,
        "tmap": 6.996039474799181
    },
    "ver-1e": {
        "festim": 1.355495014799817,
        "tmap": 1.8310803175991168
    },
    "ver-1c": {
        "festim": 5.221826295999927,
        "tmap": 12.51505361360032
    },
    "ver-1a": {
        "festim": 4.59856937739969,
        "tmap": 8.621199228600016
    }
}