{
    "val-2b": {
        "festim": 6.758087250200333,
        "tmap": 31.764943104800476
    },
    "ver-1d-diffusion": {
        "festim": 8.512411312000769,
        "tmap": 22.586254455400194
    },
    "ver-1e": {
        "festim": 3.0188087447997534,
        "tmap": 5.904266281000309
    }
}