{
    "val-2b": {
        "festim": 3.7235863408015577,
        "tmap": 10.879470641195075
    },
    "ver-1d-diffusion": {
        "festim": 3.1228425555978903,
        "tmap": 6.266483331401832
    },
    "ver-1e": {
        "festim": 1.631394994200673,
        "tmap": 2.309979913395364
    },
    "ver-1c": {
        "festim": 4.8730615079985,
        "tmap": 11.545193600398488
    },
    "ver-1a": {
        "festim": 3.9151061506010594,
        "tmap": 9.463086647598539
    }
}