{
    "ver-1e": {
        "festim": 2.4933126889999926,
        "tmap": 5.3713124820000075
    },
    "val-2b": {
        "festim": 10.125057074500035,
        "tmap": 67.26631913199992
    },
    "ver-1d-diffusion": {
        "festim": 9.106466049000005,
        "tmap": 7.973607013999981
    }
}