{
    "val-2b": {
        "festim": 11.83708532259916,
        "tmap": 106.8037005590013
    },
    "ver-1d-diffusion": {
        "festim": 11.01577273439907,
        "tmap": 39.3396095211996
    },
    "ver-1e": {
        "festim": 3.798426541799563,
        "tmap": 7.232044520199997
    }
}