{
    "val-2b": {
        "festim": 11.981571629000246,
        "tmap": 31.764943104800476
    },
    "ver-1d-diffusion": {
        "festim": 12.502693697799987,
        "tmap": 22.586254455400194
    },
    "ver-1e": {
        "festim": 4.529941177,
        "tmap": 5.904266281000309
    }
}